{
  "MSE_P": 0.08175049722194672,
  "RMSE_P": 0.285920438622262,
  "MAE_P": 0.12616893649101257,
  "R2_P": 0.9014079570770264,
  "MSE_V": 0.10602409392595291,
  "R2_V": 0.9008709192276001
}